{
"lengthUnit": "mil",
"remark": [],
"components": {
	"fields": ["COMPONENT_NO", "COMPONENT_NAME", "LAYER", "X_COORDINATE", "Y_COORDINATE", "ANGLE"],
	"rows": [
		[1, "H1", "T", 0, 560, 180],
		[2, "PAD1", "T", 100, 560, 0],
		[3, "PAD1", "B", 100, 560, 0],
		[4, "PAD2", "T", 0, 560, 0],
		[5, "PAD2", "B", 0, 560, 0],
		[6, "PAD3", "T", -100, 560, 0],
		[7, "PAD3", "B", -100, 560, 0]
	]
},
"pins": {
	"fields": ["PIN_NO", "PIN_NAME", "PIN_X", "PIN_Y", "LAYER", "PIN_TYPE", "NET_NAME", "NET_TYPE", "PAD_SHAPE", "PAD_SIZEX", "PAD_SIZEY", "HOLE_SIZE", "HOLE_LEN", "PAD_ANGLE"],
	"rows": [
		[1, "H1_1", 100, 560, "T", "DIP", "GND", "GND", "R", 70.866, 70.866, 43.308, 43.308, 180],
		[2, "H1_1", 100, 560, "B", "DIP", "GND", "GND", "R", 70.866, 70.866, 43.308, 43.308, 180],
		[3, "H1_2", 0, 560, "T", "DIP", "CPARA", "", "C", 70.866, 70.866, 43.308, 43.308, 180],
		[4, "H1_2", 0, 560, "B", "DIP", "CPARA", "", "C", 70.866, 70.866, 43.308, 43.308, 180],
		[5, "H1_3", -100, 560, "T", "DIP", "GND", "GND", "C", 70.866, 70.866, 43.308, 43.308, 180],
		[6, "H1_3", -100, 560, "B", "DIP", "GND", "GND", "C", 70.866, 70.866, 43.308, 43.308, 180],
		[7, "PAD1_1", 100, 560, "T", "DIP", "GND", "GND", "R", 70.866, 70.866, 43.308, 43.308, 180],
		[8, "PAD1_1", 100, 560, "B", "DIP", "GND", "GND", "R", 70.866, 70.866, 43.308, 43.308, 180],
		[9, "PAD2_2", 0, 560, "T", "DIP", "CPARA", "", "C", 70.866, 70.866, 43.308, 43.308, 180],
		[10, "PAD2_2", 0, 560, "B", "DIP", "CPARA", "", "C", 70.866, 70.866, 43.308, 43.308, 180],
		[11, "PAD3_3", -100, 560, "T", "DIP", "GND", "GND", "C", 70.866, 70.866, 43.308, 43.308, 180],
		[12, "PAD3_3", -100, 560, "B", "DIP", "GND", "GND", "C", 70.866, 70.866, 43.308, 43.308, 180]
	]
}
}